id,Price
0,2.787
1,2.076
2,0.967
3,3.538
4,3.905
5,3.088
6,2.813
7,0.675
8,0.99
9,2.822
10,2.688
11,1.631
12,3.459
13,0.863
14,3.53
15,0.672
16,1.125
17,2.443
18,1.591
19,1.449
20,1.625
21,5.00001
22,1.525
23,1.043
24,1.25
25,0.673
26,3.871
27,0.872
28,2.75
29,1.006
30,1.788
31,1.692
32,4.6
33,1.363
34,0.658
35,2.66
36,2.063
37,1.463
38,0.509
39,1.618
40,1.412
41,1.567
42,0.685
43,5.00001
44,1.969
45,1.92
46,3.365
47,5.00001
48,2.0
49,1.475
50,0.944
51,1.365
52,0.578
53,0.625
54,2.833
55,3.3
56,2.2
57,1.722
58,3.1
59,1.524
60,0.905
61,5.00001
62,2.444
63,2.229
64,5.00001
65,1.726
66,1.596
67,1.865
68,2.865
69,2.165
70,1.405
71,3.49
72,1.274
73,4.436
74,1.738
75,3.15
76,1.818
77,3.5
78,1.5
79,2.458
80,0.608
81,1.571
82,1.728
83,1.991
84,3.691
85,0.867
86,1.35
87,3.967
88,2.479
89,3.553
90,0.55
91,2.846
92,1.214
93,0.804
94,3.587
95,1.573
96,1.286
97,0.74
98,2.512
99,1.583
100,4.5
101,2.272
102,0.806
103,2.891
104,2.508
105,2.105
106,2.954
107,1.089
108,1.426
109,2.679
110,2.64
111,3.808
112,1.479
113,0.947
114,1.565
115,2.333
116,2.18
117,2.545
118,2.773
119,1.516
120,2.15
121,1.577
122,1.073
123,5.00001
124,1.539
125,1.625
126,3.236
127,0.813
128,1.658
129,2.667
130,2.647
131,1.934
132,3.864
133,1.821
134,2.102
135,1.862
136,2.272
137,1.333
138,1.139
139,5.00001
140,0.795
141,2.586
142,1.875
143,3.413
144,2.305
145,5.00001
146,2.554
147,1.82
148,4.773
149,5.00001
150,4.125
151,1.726
152,1.464
153,5.00001
154,1.675
155,1.359
156,2.75
157,1.08
158,1.717
159,1.103
160,2.375
161,2.905
162,0.993
163,0.803
164,1.981
165,1.844
166,2.33
167,2.281
168,0.788
169,1.641
170,1.152
171,1.808
172,2.798
173,1.814
174,2.113
175,3.977
176,0.55
177,0.59
178,3.333
179,3.5
180,3.559
181,1.706
182,0.968
183,2.527
184,0.859
185,4.808
186,1.812
187,2.975
188,5.00001
189,1.524
190,1.0
191,0.948
192,5.00001
193,2.432
194,2.472
195,0.415
196,1.698
197,1.79
198,5.00001
199,2.521
200,0.949
201,1.183
202,3.1
203,1.646
204,4.555
205,3.5
206,0.7
207,3.927
208,0.715
209,4.409
210,1.184
211,1.69
212,1.53
213,1.709
214,3.108
215,2.688
216,5.00001
217,1.625
218,0.668
219,2.188
220,1.456
221,3.825
222,1.925
223,4.0
224,0.982
225,3.0
226,1.381
227,3.05
228,1.805
229,1.807
230,1.695
231,1.608
232,1.856
233,1.339
234,5.00001
235,2.456
236,2.904
237,0.619
238,2.765
239,4.113
240,1.175
241,3.08
242,1.592
243,0.691
244,1.543
245,0.934
246,2.292
247,2.667
248,1.475
249,1.516
250,1.824
251,1.594
252,2.399
253,1.214
254,2.199
255,2.178
256,1.935
257,1.493
258,2.131
259,3.556
260,1.637
261,1.628
262,2.358
263,1.736
264,1.299
265,3.39
266,0.792
267,1.463
268,2.5
269,1.42
270,0.798
271,5.00001
272,4.054
273,2.772
274,2.433
275,1.524
276,0.632
277,3.417
278,1.013
279,1.715
280,2.326
281,5.00001
282,2.695
283,1.827
284,1.869
285,2.634
286,2.1
287,1.911
288,4.0
289,3.155
290,1.444
291,1.125
292,4.964
293,1.153
294,2.833
295,2.224
296,0.912
297,1.328
298,2.479
299,1.152
300,1.2
301,1.262
302,0.64
303,2.659
304,4.871
305,5.00001
306,4.667
307,4.097
308,3.81
309,4.05
310,4.025
311,2.407
312,1.324
313,3.14
314,2.153
315,3.394
316,1.907
317,1.446
318,1.573
319,2.051
320,2.481
321,1.755
322,1.631
323,1.161
324,1.875
325,2.247
326,1.75
327,1.358
328,2.26
329,1.856
330,2.388
331,0.779
332,3.5
333,1.563
334,1.298
335,3.091
336,2.397
337,3.191
338,1.265
339,2.369
340,1.63
341,1.75
342,1.14
343,3.056
344,1.432
345,0.724
346,4.364
347,1.538
348,0.943
349,4.357
350,4.912
351,1.747
352,1.482
353,0.825
354,1.095
355,1.426
356,1.462
357,1.185
358,1.441
359,2.405
360,3.936
361,1.341
362,0.421
363,0.463
364,0.99
365,0.617
366,1.604
367,1.727
368,0.834
369,3.528
370,3.0
371,1.356
372,2.544
373,1.468
374,2.372
375,2.5
376,1.449
377,0.76
378,1.186
379,2.389
380,3.9
381,0.528
382,0.731
383,1.583
384,1.581
385,2.296
386,2.348
387,4.333
388,1.467
389,1.118
390,1.775
391,2.458
392,2.224
393,3.543
394,1.225
395,1.148
396,1.269
397,1.656
398,1.577
399,2.833
400,2.098
401,1.972
402,2.917
403,0.78
404,2.38
405,1.598
406,2.438
407,2.444
408,2.616
409,1.496
410,0.632
411,0.978
412,2.229
413,1.99
414,2.081
415,1.429
416,0.859
417,0.55
418,5.00001
419,1.352
420,3.607
421,2.746
422,4.302
423,1.911
424,0.731
425,0.63
426,3.13
427,0.765
428,2.156
429,2.472
430,4.743
431,2.909
432,5.00001
433,1.351
434,1.948
435,0.868
436,1.288
437,2.328
438,2.473
439,1.738
440,3.74
441,1.375
442,2.984
443,2.199
444,2.211
445,2.989
446,0.818
447,1.188
448,2.233
449,2.328
450,2.161
451,1.639
452,1.243
453,1.393
454,1.44
455,1.85
456,1.175
457,1.075
458,0.483
459,3.01
460,0.933
461,2.274
462,1.457
463,0.921
464,1.008
465,1.933
466,1.446
467,1.625
468,1.968
469,1.927
470,2.339
471,0.648
472,1.66
473,0.813
474,2.133
475,0.773
476,5.00001
477,0.861
478,0.95
479,5.00001
480,2.5
481,1.608
482,1.5
483,2.375
484,4.148
485,1.412
486,2.453
487,0.633
488,0.691
489,1.172
490,1.273
491,2.852
492,1.315
493,0.842
494,1.594
495,2.684
496,2.647
497,2.438
498,3.106
499,1.373
500,0.652
501,1.676
502,3.61
503,0.69
504,0.544
505,2.875
506,2.185
507,2.123
508,2.949
509,2.135
510,2.29
511,2.707
512,1.607
513,5.00001
514,1.831
515,2.402
516,2.735
517,5.0
518,5.00001
519,2.449
520,1.875
521,0.95
522,0.67
523,1.457
524,0.486
525,5.00001
526,1.461
527,2.815
528,1.52
529,4.01
530,0.904
531,1.705
532,1.651
533,1.748
534,0.858
535,1.307
536,2.013
537,1.174
538,2.794
539,2.125
540,2.52
541,2.844
542,0.942
543,2.674
544,0.6
545,2.046
546,2.701
547,0.858
548,0.528
549,0.974
550,1.405
551,2.322
552,1.133
553,3.614
554,0.777
555,2.0
556,1.398
557,3.44
558,5.00001
559,1.284
560,0.737
561,2.575
562,2.065
563,0.531
564,2.385
565,3.316
566,1.083
567,2.541
568,4.347
569,2.803
570,0.784
571,1.74
572,1.125
573,0.746
574,2.148
575,1.373
576,2.043
577,1.708
578,3.504
579,2.119
580,0.927
581,1.775
582,2.306
583,5.00001
584,1.068
585,3.374
586,2.58
587,2.542
588,2.797
589,1.625
590,0.964
591,2.291
592,0.85
593,2.046
594,2.541
595,0.859
596,1.142
597,1.007
598,1.019
599,1.308
600,1.313
601,1.548
602,1.5
603,3.013
604,5.00001
605,1.568
606,0.729
607,1.375
608,1.223
609,1.914
610,2.852
611,2.545
612,1.141
613,2.358
614,1.163
615,3.5
616,2.425
617,1.431
618,0.792
619,1.125
620,1.815
621,0.983
622,1.913
623,1.392
624,0.967
625,2.463
626,2.619
627,1.513
628,1.75
629,0.543
630,1.582
631,1.402
632,1.75
633,1.279
634,1.805
635,2.374
636,1.26
637,0.725
638,0.945
639,2.89
640,1.346
641,2.135
642,2.38
643,2.229
644,1.896
645,1.353
646,2.335
647,5.00001
648,1.941
649,1.646
650,1.651
651,1.336
652,4.099
653,2.313
654,1.851
655,1.63
656,1.213
657,1.057
658,2.188
659,1.46
660,4.569
661,3.953
662,2.469
663,1.303
664,0.719
665,1.364
666,1.423
667,1.016
668,0.687
669,1.096
670,3.051
671,1.745
672,0.935
673,1.154
674,1.313
675,3.4
676,3.485
677,0.481
678,1.316
679,2.768
680,1.379
681,3.003
682,2.821
683,1.138
684,1.234
685,1.544
686,1.445
687,0.66
688,1.273
689,1.72
690,1.563
691,3.862
692,5.00001
693,0.581
694,5.00001
695,1.0
696,1.696
697,1.903
698,0.957
699,1.827
700,2.421
701,0.669
702,2.13
703,1.382
704,2.837
705,2.356
706,2.667
707,1.575
708,0.678
709,2.298
710,1.533
711,3.261
712,1.986
713,2.1
714,0.762
715,3.783
716,1.786
717,1.24
718,2.858
719,1.764
720,0.864
721,1.836
722,2.288
723,2.006
724,1.976
725,1.714
726,2.326
727,2.328
728,0.753
729,2.133
730,1.651
731,1.236
732,1.753
733,1.161
734,3.424
735,1.353
736,0.855
737,1.649
738,4.39
739,0.541
740,5.00001
741,3.5
742,2.099
743,0.672
744,3.063
745,1.883
746,0.498
747,1.434
748,0.927
749,1.711
750,2.448
751,1.57
752,1.599
753,0.706
754,1.356
755,1.707
756,5.0
757,1.654
758,0.475
759,1.054
760,0.554
761,1.213
762,3.405
763,1.625
764,2.083
765,2.034
766,2.558
767,1.8
768,1.875
769,3.255
770,5.00001
771,1.58
772,2.321
773,0.73
774,5.00001
775,1.042
776,0.866
777,1.849
778,5.00001
779,1.875
780,5.00001
781,1.967
782,1.894
783,2.307
784,1.347
785,1.943
786,0.669
787,1.47
788,1.432
789,0.878
790,2.5
791,2.959
792,1.519
793,0.714
794,3.422
795,5.00001
796,0.699
797,3.021
798,1.779
799,1.709
800,1.483
801,3.069
802,1.826
803,0.735
804,4.125
805,1.433
806,1.347
807,5.00001
808,2.231
809,1.706
810,1.862
811,1.941
812,2.583
813,3.639
814,4.063
815,1.575
816,2.438
817,1.167
818,1.134
819,0.658
820,1.088
821,2.671
822,1.188
823,0.882
824,0.747
825,5.00001
826,1.659
827,3.139
828,4.0
829,5.00001
830,1.289
831,3.337
832,4.007
833,1.963
834,1.645
835,0.65
836,5.00001
837,0.9
838,1.188
839,2.442
840,3.723
841,1.272
842,1.125
843,2.383
844,1.833
845,2.356
846,2.335
847,1.375
848,3.588
849,1.375
850,1.585
851,2.089
852,1.899
853,1.381
854,0.559
855,0.958
856,1.003
857,2.494
858,5.00001
859,1.118
860,1.667
861,1.525
862,2.386
863,0.991
864,2.343
865,3.979
866,2.861
867,5.00001
868,3.387
869,1.115
870,3.75
871,2.265
872,1.289
873,1.298
874,1.26
875,2.201
876,1.764
877,1.875
878,4.0
879,1.963
880,0.727
881,1.265
882,4.466
883,3.288
884,5.00001
885,1.655
886,2.5
887,2.289
888,1.469
889,2.159
890,5.00001
891,3.477
892,0.793
893,1.375
894,3.169
895,0.976
896,1.412
897,0.75
898,3.188
899,3.824
900,0.59
901,2.079
902,2.209
903,1.871
904,1.808
905,0.938
906,1.489
907,2.789
908,1.289
909,5.00001
910,2.581
911,2.923
912,2.574
913,1.307
914,2.662
915,0.508
916,2.743
917,2.239
918,2.605
919,1.791
920,2.613
921,0.876
922,1.229
923,5.00001
924,2.639
925,1.5
926,2.929
927,1.203
928,1.185
929,2.235
930,3.325
931,1.755
932,1.292
933,2.268
934,0.879
935,1.92
936,2.25
937,1.784
938,1.927
939,3.647
940,2.419
941,3.5
942,2.889
943,1.123
944,3.85
945,2.495
946,4.048
947,1.416
948,1.671
949,3.149
950,1.702
951,2.37
952,1.44
953,2.025
954,1.226
955,0.675
956,1.5
957,0.888
958,4.504
959,2.119
960,1.576
961,1.571
962,1.125
963,5.00001
964,1.781
965,1.913
966,1.75
967,3.238
968,0.427
969,3.648
970,0.633
971,2.276
972,4.714
973,1.185
974,0.625
975,5.00001
976,1.475
977,1.369
978,0.675
979,1.264
980,0.738
981,3.368
982,1.458
983,1.282
984,2.674
985,0.966
986,1.801
987,2.142
988,1.37
989,3.031
990,1.417
991,0.657
992,1.342
993,1.2
994,0.609
995,3.458
996,1.167
997,2.053
998,1.678
999,1.844
1000,1.702
1001,1.714
1002,2.221
1003,3.0
1004,2.632
1005,1.318
1006,0.889
1007,2.847
1008,0.921
1009,1.839
1010,1.448
1011,3.667
1012,1.958
1013,0.943
1014,1.01
1015,2.929
1016,2.069
1017,0.582
1018,1.313
1019,0.467
1020,2.791
1021,2.51
1022,1.375
1023,2.182
1024,0.965
1025,2.88
1026,2.893
1027,1.554
1028,2.621
1029,0.661
1030,1.728
1031,2.206
1032,1.486
1033,4.44
1034,5.00001
1035,2.225
1036,2.258
1037,1.125
1038,2.841
1039,1.602
1040,0.475
1041,4.147
1042,0.557
1043,2.006
1044,3.5
1045,1.918
1046,1.853
1047,4.231
1048,1.828
1049,1.076
1050,4.364
1051,2.335
1052,0.869
1053,2.701
1054,1.587
1055,1.61
1056,1.236
1057,1.724
1058,2.049
1059,3.379
1060,1.453
1061,0.574
1062,1.568
1063,0.591
1064,1.548
1065,1.234
1066,3.478
1067,2.72
1068,0.761
1069,1.658
1070,1.933
1071,5.00001
1072,2.246
1073,0.771
1074,2.021
1075,2.693
1076,0.795
1077,2.399
1078,1.875
1079,1.397
1080,0.727
1081,1.011
1082,3.313
1083,2.728
1084,3.483
1085,2.207
1086,1.951
1087,0.759
1088,1.818
1089,1.903
1090,1.516
1091,5.00001
1092,3.5
1093,1.565
1094,3.549
1095,1.271
1096,0.87
1097,2.445
1098,1.45
1099,0.851
1100,2.394
1101,0.778
1102,1.93
1103,1.928
1104,1.984
1105,2.238
1106,2.134
1107,1.918
1108,2.07
1109,1.018
1110,1.997
1111,2.13
1112,0.987
1113,1.572
1114,5.00001
1115,1.207
1116,1.646
1117,3.596
1118,1.625
1119,2.144
1120,2.427
1121,1.865
1122,1.247
1123,0.724
1124,1.03
1125,1.545
1126,2.58
1127,2.198
1128,1.58
1129,2.188
1130,2.425
1131,1.075
1132,1.61
1133,0.62
1134,2.349
1135,0.533
1136,1.625
1137,1.185
1138,0.953
1139,4.269
1140,0.808
1141,3.946
1142,1.113
1143,1.137
1144,0.55
1145,1.636
1146,3.194
1147,1.581
1148,2.616
1149,2.582
1150,1.114
1151,1.625
1152,1.663
1153,2.368
1154,2.294
1155,1.68
1156,0.996
1157,4.125
1158,1.054
1159,2.215
1160,4.083
1161,1.813
1162,2.033
1163,4.699
1164,1.462
1165,2.574
1166,0.953
1167,0.908
1168,4.541
1169,5.00001
1170,0.872
1171,2.743
1172,3.313
1173,2.094
1174,0.14999
1175,1.688
1176,1.966
1177,0.807
1178,3.083
1179,1.345
1180,1.176
1181,2.01
1182,1.011
1183,0.576
1184,3.083
1185,1.932
1186,3.897
1187,1.5
1188,3.439
1189,0.956
1190,1.921
1191,1.958
1192,4.265
1193,5.00001
1194,5.00001
1195,0.804
1196,0.745
1197,2.546
1198,2.177
1199,1.306
1200,0.52
1201,1.908
1202,1.963
1203,0.847
1204,2.556
1205,0.916
1206,1.643
1207,2.279
1208,2.654
1209,2.665
1210,1.691
1211,0.846
1212,2.362
1213,1.041
1214,1.752
1215,5.00001
1216,0.668
1217,1.769
1218,1.564
1219,5.00001
1220,5.00001
1221,0.854
1222,1.192
1223,2.306
1224,1.102
1225,5.00001
1226,1.894
1227,0.635
1228,2.05
1229,2.048
1230,1.911
1231,1.926
1232,1.45
1233,1.398
1234,5.00001
1235,4.264
1236,0.598
1237,5.00001
1238,3.111
1239,1.328
1240,0.786
1241,1.356
1242,1.652
1243,0.453
1244,4.227
1245,0.488
1246,0.612
1247,2.134
1248,1.18
1249,2.842
1250,2.256
1251,2.42
1252,1.784
1253,1.559
1254,3.419
1255,4.411
1256,1.426
1257,2.317
1258,2.318
1259,2.18
1260,1.574
1261,1.375
1262,3.766
1263,3.273
1264,1.753
1265,1.119
1266,1.518
1267,1.013
1268,1.73
1269,1.132
1270,0.978
1271,1.61
1272,1.116
1273,0.911
1274,3.074
1275,1.676
1276,2.733
1277,0.928
1278,0.654
1279,2.044
1280,0.839
1281,0.964
1282,0.827
1283,1.063
1284,1.683
1285,3.52
1286,4.163
1287,1.119
1288,1.283
1289,2.063
1290,2.314
1291,0.55
1292,2.132
1293,3.312
1294,1.176
1295,0.71
1296,2.175
1297,0.535
1298,1.504
1299,0.546
1300,2.621
1301,1.792
1302,1.011
1303,2.122
1304,0.591
1305,2.0
1306,2.738
1307,2.439
1308,0.698
1309,0.875
1310,1.43
1311,0.775
1312,2.675
1313,0.936
1314,1.875
1315,1.688
1316,0.988
1317,3.294
1318,0.94
1319,3.813
1320,0.862
1321,2.072
1322,2.117
1323,2.174
1324,1.607
1325,0.72
1326,1.021
1327,1.2
1328,1.375
1329,0.721
1330,2.81
1331,1.286
1332,4.123
1333,1.036
1334,1.801
1335,2.39
1336,0.714
1337,1.105
1338,0.631
1339,2.878
1340,1.549
1341,0.624
1342,2.084
1343,2.808
1344,1.907
1345,3.213
1346,5.00001
1347,2.351
1348,1.468
1349,1.663
1350,1.364
1351,1.207
1352,1.875
1353,1.067
1354,3.364
1355,2.983
1356,1.751
1357,2.773
1358,2.237
1359,3.305
1360,1.839
1361,2.707
1362,0.827
1363,2.415
1364,1.555
1365,2.69
1366,0.713
1367,0.857
1368,1.335
1369,5.00001
1370,2.375
1371,3.1
1372,1.552
1373,2.115
1374,1.0
1375,1.56
1376,1.375
1377,4.5
1378,2.871
1379,1.578
1380,1.544
1381,2.476
1382,2.639
1383,1.406
1384,2.623
1385,1.113
1386,3.259
1387,3.667
1388,0.988
1389,1.923
1390,1.909
1391,1.594
1392,1.022
1393,0.889
1394,2.714
1395,0.543
1396,0.54
1397,3.44
1398,1.572
1399,1.714
1400,3.167
1401,3.754
1402,0.506
1403,1.999
1404,2.184
1405,1.813
1406,0.917
1407,2.695
1408,5.00001
1409,1.962
1410,2.107
1411,0.649
1412,3.767
1413,1.533
1414,1.098
1415,0.656
1416,3.316
1417,3.978
1418,5.00001
1419,2.012
1420,2.333
1421,2.895
1422,2.392
1423,0.525
1424,1.663
1425,1.989
1426,0.896
1427,4.87
1428,1.585
1429,1.582
1430,1.565
1431,2.865
1432,2.365
1433,1.306
1434,5.00001
1435,0.471
1436,1.625
1437,1.909
1438,1.434
1439,1.891
1440,1.753
1441,1.624
1442,2.25
1443,1.292
1444,1.708
1445,1.354
1446,3.5
1447,2.424
1448,1.464
1449,1.067
1450,1.508
1451,1.261
1452,0.903
1453,2.939
1454,1.606
1455,3.5
1456,5.00001
1457,2.356
1458,1.388
1459,0.906
1460,1.555
1461,2.865
1462,2.128
1463,2.539
1464,5.00001
1465,1.535
1466,3.382
1467,2.776
1468,2.717
1469,0.953
1470,2.682
1471,0.857
1472,1.739
1473,1.125
1474,1.125
1475,1.931
1476,1.631
1477,3.388
1478,2.438
1479,1.394
1480,3.507
1481,1.855
1482,1.607
1483,2.75
1484,1.847
1485,1.156
1486,1.644
1487,1.6
1488,1.648
1489,0.623
1490,1.768
1491,1.322
1492,1.538
1493,4.976
1494,5.00001
1495,3.444
1496,2.16
1497,1.779
1498,3.06
1499,5.00001
1500,5.00001
1501,1.676
1502,0.913
1503,2.466
1504,1.719
1505,1.344
1506,3.736
1507,1.853
1508,2.762
1509,3.292
1510,1.388
1511,4.392
1512,1.226
1513,3.801
1514,1.027
1515,0.762
1516,2.25
1517,0.526
1518,1.204
1519,3.247
1520,1.313
1521,1.137
1522,1.325
1523,2.25
1524,2.254
1525,1.344
1526,1.595
1527,1.167
1528,1.047
1529,0.831
1530,1.125
1531,1.602
1532,0.969
1533,2.177
1534,3.259
1535,4.111
1536,2.567
1537,4.0
1538,5.00001
1539,1.77
1540,0.802
1541,2.865
1542,1.328
1543,0.65
1544,1.139
1545,2.836
1546,1.786
1547,5.00001
1548,1.625
1549,2.683
1550,3.226
1551,1.578
1552,1.681
1553,2.25
1554,1.264
1555,0.875
1556,1.935
1557,1.818
1558,2.347
1559,1.44
1560,1.625
1561,2.027
1562,1.938
1563,5.00001
1564,0.725
1565,0.918
1566,2.549
1567,2.75
1568,1.211
1569,1.549
1570,1.657
1571,1.938
1572,1.791
1573,1.168
1574,5.00001
1575,5.0
1576,3.475
1577,1.693
1578,0.478
1579,5.00001
1580,3.481
1581,3.404
1582,1.539
1583,0.643
1584,1.034
1585,2.75
1586,5.00001
1587,1.998
1588,1.594
1589,0.555
1590,1.119
1591,0.675
1592,4.131
1593,0.727
1594,2.346
1595,0.979
1596,1.182
1597,1.716
1598,1.203
1599,1.0
1600,2.03
1601,2.032
1602,1.893
1603,4.029
1604,1.21
1605,2.173
1606,2.73
1607,1.75
1608,3.228
1609,1.416
1610,1.281
1611,2.341
1612,1.728
1613,5.00001
1614,0.698
1615,3.392
1616,2.265
1617,1.917
1618,1.792
1619,1.689
1620,5.00001
1621,3.205
1622,1.115
1623,0.936
1624,2.826
1625,3.278
1626,2.118
1627,2.762
1628,0.576
1629,2.217
1630,1.681
1631,3.964
1632,0.703
1633,4.827
1634,1.36
1635,3.229
1636,0.972
1637,2.211
1638,0.562
1639,1.821
1640,0.917
1641,0.875
1642,5.00001
1643,4.388
1644,1.504
1645,1.599
1646,0.74
1647,0.943
1648,2.271
1649,0.526
1650,1.827
1651,2.587
1652,1.268
1653,0.803
1654,1.593
1655,1.525
1656,4.592
1657,3.692
1658,0.855
1659,1.464
1660,0.945
1661,1.857
1662,1.268
1663,1.52
1664,0.786
1665,1.854
1666,1.288
1667,5.00001
1668,1.956
1669,1.865
1670,5.00001
1671,3.556
1672,1.75
1673,5.00001
1674,5.00001
1675,0.585
1676,0.756
1677,1.233
1678,1.875
1679,1.781
1680,1.036
1681,3.261
1682,5.00001
1683,1.85
1684,1.449
1685,2.327
1686,0.608
1687,3.202
1688,1.58
1689,0.684
1690,1.696
1691,5.00001
1692,1.59
1693,0.825
1694,2.552
1695,1.059
1696,3.408
1697,0.952
1698,1.027
1699,2.781
1700,2.407
1701,5.00001
1702,2.75
1703,0.893
1704,5.00001
1705,2.122
1706,1.035
1707,1.833
1708,1.177
1709,0.911
1710,3.656
1711,3.569
1712,2.081
1713,1.772
1714,0.865
1715,2.735
1716,2.25
1717,3.539
1718,1.525
1719,2.345
1720,0.884
1721,1.192
1722,1.234
1723,2.054
1724,1.713
1725,4.125
1726,1.182
1727,1.341
1728,2.672
1729,2.086
1730,2.623
1731,0.653
1732,1.563
1733,1.704
1734,2.563
1735,1.889
1736,0.961
1737,0.675
1738,2.542
1739,1.188
1740,0.79
1741,1.456
1742,1.375
1743,0.934
1744,2.3
1745,1.778
1746,1.23
1747,3.409
1748,1.142
1749,1.553
1750,5.00001
1751,2.221
1752,2.028
1753,5.00001
1754,3.074
1755,1.857
1756,2.613
1757,3.0
1758,1.917
1759,2.405
1760,5.0
1761,0.867
1762,1.911
1763,1.896
1764,2.15
1765,1.905
1766,1.448
1767,2.31
1768,2.714
1769,2.44
1770,1.964
1771,1.741
1772,2.904
1773,2.669
1774,0.713
1775,1.471
1776,1.857
1777,1.109
1778,5.00001
1779,1.291
1780,0.474
1781,0.743
1782,3.5
1783,1.598
1784,2.783
1785,0.942
1786,1.139
1787,2.603
1788,1.842
1789,0.617
1790,2.576
1791,3.63
1792,0.582
1793,0.943
1794,2.718
1795,0.967
1796,1.86
1797,2.017
1798,1.665
1799,2.563
1800,2.706
1801,1.783
1802,1.499
1803,2.096
1804,4.159
1805,1.744
1806,5.00001
1807,5.00001
1808,1.168
1809,1.798
1810,1.195
1811,2.713
1812,0.84
1813,2.308
1814,5.00001
1815,1.795
1816,1.319
1817,1.163
1818,1.214
1819,0.955
1820,2.175
1821,1.849
1822,1.102
1823,0.697
1824,5.00001
1825,3.0
1826,2.327
1827,1.75
1828,0.624
1829,2.312
1830,1.629
1831,3.597
1832,1.75
1833,5.00001
1834,1.889
1835,1.232
1836,0.906
1837,2.94
1838,0.85
1839,0.854
1840,0.438
1841,0.56
1842,0.857
1843,1.434
1844,4.538
1845,1.205
1846,3.596
1847,1.227
1848,1.918
1849,2.953
1850,2.094
1851,1.061
1852,2.357
1853,0.932
1854,1.701
1855,1.919
1856,0.969
1857,3.423
1858,2.095
1859,4.864
1860,1.565
1861,2.594
1862,4.5
1863,4.125
1864,1.506
1865,3.5
1866,1.806
1867,1.343
1868,0.95
1869,1.089
1870,0.895
1871,1.826
1872,2.312
1873,0.926
1874,2.233
1875,1.32
1876,1.017
1877,1.909
1878,1.113
1879,2.75
1880,1.642
1881,1.156
1882,3.287
1883,2.876
1884,0.594
1885,3.162
1886,1.679
1887,1.917
1888,1.091
1889,5.00001
1890,0.673
1891,2.018
1892,1.831
1893,0.934
1894,2.075
1895,3.78
1896,1.488
1897,3.804
1898,1.394
1899,2.663
1900,0.495
1901,5.00001
1902,4.112
1903,2.605
1904,1.89
1905,1.073
1906,2.667
1907,3.559
1908,0.66
1909,2.247
1910,1.606
1911,1.554
1912,2.527
1913,4.776
1914,1.304
1915,0.739
1916,2.899
1917,2.801
1918,2.313
1919,1.31
1920,1.833
1921,1.955
1922,1.786
1923,1.383
1924,1.936
1925,2.508
1926,1.659
1927,0.743
1928,2.854
1929,1.9
1930,4.107
1931,1.375
1932,0.906
1933,1.25
1934,1.907
1935,0.901
1936,2.208
1937,2.406
1938,1.127
1939,0.689
1940,1.994
1941,1.5
1942,1.266
1943,1.125
1944,2.212
1945,3.011
1946,2.875
1947,1.245
1948,1.622
1949,0.938
1950,1.097
1951,1.542
1952,1.097
1953,1.929
1954,2.041
1955,1.75
1956,1.653
1957,1.578
1958,1.531
1959,1.04
1960,2.074
1961,3.609
1962,0.859
1963,0.916
1964,2.403
1965,2.171
1966,1.977
1967,3.718
1968,1.601
1969,0.774
1970,0.951
1971,5.00001
1972,1.321
1973,0.655
1974,3.415
1975,1.019
1976,1.576
1977,1.869
1978,1.635
1979,4.13
1980,1.426
1981,4.3
1982,4.833
1983,1.719
1984,3.661
1985,2.311
1986,2.098
1987,1.286
1988,1.542
1989,1.523
1990,2.199
1991,1.608
1992,1.944
1993,4.616
1994,0.915
1995,2.393
1996,0.613
1997,1.817
1998,1.108
1999,1.614
2000,4.25
2001,2.538
2002,1.563
2003,0.771
2004,5.00001
2005,0.918
2006,4.922
2007,2.028
2008,2.217
2009,5.00001
2010,1.712
2011,3.185
2012,2.108
2013,1.356
2014,2.815
2015,2.042
2016,1.294
2017,1.325
2018,1.719
2019,3.487
2020,0.783
2021,2.502
2022,3.178
2023,2.559
2024,2.75
2025,0.55
2026,1.5
2027,1.928
2028,0.958
2029,1.625
2030,1.648
2031,4.392
2032,2.798
2033,5.00001
2034,1.996
2035,2.541
2036,2.636
2037,4.896
2038,3.342
2039,0.904
2040,0.612
2041,2.559
2042,1.354
2043,3.422
2044,1.544
2045,2.511
2046,1.545
2047,2.637
2048,2.045
2049,0.788
2050,1.094
2051,1.791
2052,1.08
2053,1.477
2054,1.442
2055,1.063
2056,4.554
2057,1.165
2058,3.0
2059,3.969
2060,1.868
2061,4.062
2062,2.15
2063,1.104
2064,2.27
2065,1.659
2066,1.438
2067,3.404
2068,0.737
2069,1.669
2070,1.609
2071,1.909
2072,2.379
2073,5.00001
2074,5.00001
2075,1.375
2076,0.175
2077,2.413
2078,3.476
2079,2.613
2080,2.667
2081,1.925
2082,3.229
2083,3.106
2084,2.839
2085,0.709
2086,2.586
2087,1.612
2088,1.632
2089,1.362
2090,1.583
2091,1.005
2092,1.596
2093,0.792
2094,3.527
2095,5.00001
2096,2.984
2097,2.618
2098,2.988
2099,2.266
2100,1.849
2101,3.086
2102,2.228
2103,2.3
2104,2.561
2105,4.286
2106,0.734
2107,1.695
2108,2.875
2109,0.915
2110,0.677
2111,0.972
2112,0.723
2113,2.494
2114,1.722
2115,3.147
2116,1.773
2117,0.856
2118,3.318
2119,3.545
2120,0.909
2121,4.188
2122,1.406
2123,0.869
2124,1.923
2125,2.978
2126,2.83
2127,1.0
2128,1.336
2129,2.118
2130,2.373
2131,5.00001
2132,0.813
2133,1.509
2134,3.087
2135,1.905
2136,0.668
2137,3.892
2138,1.507
2139,3.307
2140,2.586
2141,5.00001
2142,0.875
2143,0.57
2144,1.031
2145,1.789
2146,2.738
2147,2.132
2148,0.58
2149,1.279
2150,1.569
2151,3.625
2152,1.221
2153,4.068
2154,1.155
2155,1.782
2156,3.467
2157,1.582
2158,0.95
2159,3.5
2160,1.163
2161,1.865
2162,2.896
2163,2.333
2164,0.896
2165,2.155
2166,1.875
2167,2.705
2168,1.837
2169,1.517
2170,1.428
2171,1.246
2172,1.471
2173,5.00001
2174,0.576
2175,0.679
2176,2.182
2177,1.115
2178,1.984
2179,1.555
2180,1.782
2181,1.795
2182,1.063
2183,2.346
2184,2.592
2185,3.844
2186,0.725
2187,1.554
2188,0.693
2189,2.205
2190,1.088
2191,1.668
2192,0.573
2193,3.119
2194,2.109
2195,0.766
2196,3.103
2197,2.848
2198,2.237
2199,1.754
2200,1.485
2201,0.926
2202,1.331
2203,4.956
2204,1.951
2205,3.563
2206,2.148
2207,2.674
2208,2.423
2209,3.153
2210,3.208
2211,2.685
2212,5.00001
2213,5.00001
2214,1.406
2215,1.681
2216,3.334
2217,1.525
2218,2.298
2219,0.748
2220,2.44
2221,1.019
2222,2.212
2223,0.52
2224,1.364
2225,2.688
2226,0.702
2227,3.277
2228,3.192
2229,1.838
2230,1.379
2231,0.679
2232,2.154
2233,5.00001
2234,1.165
2235,2.932
2236,1.187
2237,1.838
2238,2.778
2239,4.125
2240,1.143
2241,3.079
2242,0.675
2243,5.00001
2244,1.625
2245,1.45
2246,2.051
2247,1.342
2248,3.484
2249,1.731
2250,2.788
2251,2.168
2252,1.93
2253,0.789
2254,1.892
2255,3.206
2256,2.388
2257,4.955
2258,0.862
2259,3.5
2260,1.31
2261,1.821
2262,2.137
2263,1.582
2264,3.979
2265,2.422
2266,1.825
2267,1.135
2268,0.886
2269,2.208
2270,0.847
2271,1.632
2272,1.313
2273,3.429
2274,0.831
2275,1.733
2276,1.083
2277,1.688
2278,2.575
2279,4.108
2280,1.627
2281,1.488
2282,1.375
2283,2.461
2284,3.727
2285,0.934
2286,0.816
2287,0.905
2288,1.355
2289,5.00001
2290,5.00001
2291,1.406
2292,2.712
2293,0.893
2294,3.02
2295,1.046
2296,0.719
2297,0.73
2298,0.914
2299,2.294
2300,1.325
2301,2.206
2302,1.063
2303,1.697
2304,0.628
2305,0.85
2306,1.097
2307,0.869
2308,1.411
2309,2.656
2310,1.665
2311,2.494
2312,3.068
2313,1.522
2314,1.979
2315,2.193
2316,1.759
2317,2.607
2318,0.828
2319,0.875
2320,1.635
2321,3.5
2322,3.3
2323,1.926
2324,0.942
2325,3.453
2326,3.527
2327,1.589
2328,2.549
2329,1.771
2330,1.634
2331,3.354
2332,2.344
2333,4.637
2334,1.375
2335,1.094
2336,0.718
2337,1.898
2338,1.429
2339,2.678
2340,1.176
2341,1.382
2342,1.841
2343,2.792
2344,1.813
2345,2.019
2346,2.096
2347,1.025
2348,1.625
2349,0.516
2350,1.407
2351,1.842
2352,0.948
2353,1.311
2354,0.802
2355,2.25
2356,2.555
2357,1.99
2358,5.00001
2359,1.74
2360,2.481
2361,2.403
2362,2.269
2363,0.439
2364,0.814
2365,1.198
2366,2.706
2367,1.376
2368,1.372
2369,2.027
2370,1.918
2371,2.25
2372,5.00001
2373,1.133
2374,2.77
2375,2.413
2376,1.833
2377,1.711
2378,1.955
2379,0.555
2380,3.403
2381,2.352
2382,1.557
2383,3.01
2384,1.682
2385,1.639
2386,2.725
2387,3.115
2388,0.833
2389,1.016
2390,5.00001
2391,1.589
2392,5.00001
2393,1.813
2394,2.406
2395,2.293
2396,2.326
2397,1.958
2398,2.25
2399,1.55
2400,4.574
2401,1.875
2402,2.693
2403,2.894
2404,1.281
2405,2.563
2406,4.853
2407,0.938
2408,1.746
2409,1.401
2410,2.155
2411,1.661
2412,3.238
2413,1.538
2414,0.517
2415,1.708
2416,1.885
2417,1.891
2418,1.05
2419,2.0
2420,1.558
2421,0.813
2422,0.908
2423,3.107
2424,1.864
2425,3.547
2426,1.625
2427,2.913
2428,5.00001
2429,2.06
2430,1.583
2431,3.011
2432,2.75
2433,4.954
2434,1.523
2435,2.037
2436,3.714
2437,1.375
2438,0.753
2439,1.464
2440,2.368
2441,1.074
2442,2.209
2443,1.701
2444,1.367
2445,5.0
2446,5.00001
2447,1.792
2448,0.712
2449,1.073
2450,1.469
2451,0.637
2452,0.798
2453,0.837
2454,1.057
2455,0.89
2456,4.251
2457,1.595
2458,2.447
2459,0.912
2460,1.683
2461,2.725
2462,1.987
2463,1.734
2464,3.188
2465,0.857
2466,3.663
2467,5.00001
2468,5.00001
2469,0.654
2470,2.681
2471,1.118
2472,5.00001
2473,3.677
2474,2.993
2475,0.669
2476,2.171
2477,1.052
2478,3.5
2479,1.622
2480,1.655
2481,0.992
2482,2.277
2483,1.621
2484,3.189
2485,1.615
2486,1.485
2487,0.875
2488,5.0
2489,1.452
2490,2.624
2491,1.108
2492,1.569
2493,2.875
2494,1.055
2495,5.00001
2496,1.482
2497,0.425
2498,3.077
2499,1.78
2500,5.00001
2501,5.00001
2502,4.528
2503,1.056
2504,2.089
2505,1.393
2506,2.273
2507,0.711
2508,2.849
2509,0.978
2510,1.038
2511,1.7
2512,0.62
2513,1.114
2514,3.268
2515,0.813
2516,1.919
2517,2.382
2518,2.404
2519,5.00001
2520,4.35
2521,1.181
2522,1.448
2523,0.523
2524,2.242
2525,1.625
2526,3.728
2527,2.677
2528,3.025
2529,1.375
2530,2.61
2531,1.25
2532,2.643
2533,4.93
2534,1.908
2535,0.743
2536,0.483
2537,2.731
2538,3.267
2539,1.615
2540,2.462
2541,2.132
2542,1.357
2543,2.535
2544,1.228
2545,1.154
2546,0.936
2547,2.665
2548,1.902
2549,1.583
2550,1.207
2551,1.479
2552,3.385
2553,0.64
2554,1.875
2555,0.498
2556,0.814
2557,1.228
2558,3.5
2559,0.67
2560,2.659
2561,1.607
2562,1.538
2563,2.918
2564,2.109
2565,1.538
2566,3.451
2567,1.886
2568,1.875
2569,3.981
2570,1.214
2571,0.786
2572,1.616
2573,1.584
2574,4.224
2575,1.649
2576,5.00001
2577,1.094
2578,4.393
2579,1.948
2580,0.924
2581,2.386
2582,1.14
2583,2.125
2584,0.833
2585,1.781
2586,3.93
2587,1.417
2588,0.868
2589,1.848
2590,3.213
2591,0.874
2592,0.894
2593,1.426
2594,2.61
2595,3.154
2596,2.189
2597,3.052
2598,3.28
2599,2.285
2600,1.475
2601,0.919
2602,0.388
2603,2.664
2604,1.857
2605,5.00001
2606,1.438
2607,2.337
2608,2.323
2609,2.258
2610,1.647
2611,1.41
2612,0.714
2613,1.108
2614,3.59
2615,1.75
2616,4.153
2617,0.721
2618,1.154
2619,0.845
2620,3.396
2621,0.786
2622,1.387
2623,1.705
2624,2.534
2625,2.141
2626,3.277
2627,5.00001
2628,0.95
2629,3.49
2630,3.8
2631,0.675
2632,1.653
2633,1.356
2634,4.611
2635,2.52
2636,2.972
2637,1.689
2638,1.347
2639,1.026
2640,2.894
2641,1.778
2642,1.625
2643,1.952
2644,2.484
2645,2.47
2646,1.433
2647,5.00001
2648,0.789
2649,1.505
2650,1.202
2651,3.483
2652,4.234
2653,0.676
2654,1.628
2655,2.761
2656,1.387
2657,1.421
2658,5.00001
2659,3.207
2660,1.594
2661,0.766
2662,0.561
2663,0.62
2664,2.276
2665,1.28
2666,2.008
2667,2.641
2668,0.718
2669,2.641
2670,3.407
2671,1.643
2672,1.782
2673,3.422
2674,1.884
2675,2.559
2676,1.654
2677,1.543
2678,2.58
2679,3.406
2680,1.288
2681,1.193
2682,2.718
2683,3.677
2684,2.349
2685,3.615
2686,2.327
2687,0.813
2688,2.2
2689,1.929
2690,0.74
2691,1.88
2692,3.881
2693,1.505
2694,2.194
2695,3.197
2696,0.964
2697,0.943
2698,1.878
2699,0.882
2700,2.202
2701,5.00001
2702,0.63
2703,1.188
2704,2.772
2705,1.578
2706,2.625
2707,1.875
2708,2.182
2709,2.56
2710,2.375
2711,3.502
2712,5.00001
2713,2.043
2714,2.731
2715,0.659
2716,2.407
2717,0.738
2718,3.044
2719,3.694
2720,5.00001
2721,1.922
2722,3.5
2723,2.941
2724,2.166
2725,1.75
2726,1.236
2727,4.03
2728,1.95
2729,4.04
2730,3.291
2731,0.889
2732,1.836
2733,5.00001
2734,2.781
2735,1.032
2736,0.525
2737,4.277
2738,3.081
2739,2.131
2740,2.273
2741,3.25
2742,0.893
2743,1.576
2744,1.432
2745,1.008
2746,2.482
2747,1.444
2748,2.523
2749,1.32
2750,1.706
2751,1.438
2752,1.76
2753,0.927
2754,0.869
2755,1.059
2756,2.833
2757,2.257
2758,1.356
2759,2.306
2760,2.107
2761,1.066
2762,3.867
2763,0.675
2764,1.549
2765,1.438
2766,5.00001
2767,2.222
2768,0.741
2769,1.161
2770,3.567
2771,1.31
2772,2.078
2773,1.573
2774,2.053
2775,0.993
2776,3.373
2777,2.603
2778,2.387
2779,1.764
2780,0.963
2781,5.00001
2782,0.854
2783,2.316
2784,1.105
2785,2.167
2786,3.683
2787,1.991
2788,1.625
2789,5.00001
2790,1.575
2791,0.661
2792,1.839
2793,1.216
2794,2.883
2795,4.438
2796,0.864
2797,2.111
2798,2.464
2799,1.853
2800,3.37
2801,2.331
2802,2.146
2803,2.885
2804,1.403
2805,4.801
2806,2.152
2807,2.014
2808,1.493
2809,1.28
2810,3.238
2811,2.109
2812,1.148
2813,1.739
2814,0.991
2815,2.677
2816,2.273
2817,1.75
2818,0.736
2819,1.875
2820,2.813
2821,1.438
2822,1.0
2823,1.837
2824,1.5
2825,1.0
2826,1.567
2827,0.701
2828,0.588
2829,2.25
2830,1.217
2831,1.166
2832,1.495
2833,0.928
2834,2.125
2835,3.11
2836,2.23
2837,0.797
2838,1.432
2839,1.268
2840,1.151
2841,1.5
2842,2.649
2843,2.019
2844,1.366
2845,0.43
2846,1.107
2847,1.727
2848,1.495
2849,2.25
2850,1.928
2851,0.903
2852,3.734
2853,2.446
2854,1.917
2855,2.426
2856,2.579
2857,1.042
2858,0.883
2859,0.663
2860,2.259
2861,1.107
2862,1.418
2863,1.858
2864,1.099
2865,0.444
2866,1.948
2867,2.13
2868,2.736
2869,3.07
2870,2.706
2871,2.239
2872,2.373
2873,4.964
2874,0.784
2875,2.381
2876,1.195
2877,1.478
2878,5.00001
2879,3.109
2880,2.523
2881,1.568
2882,3.313
2883,1.653
2884,1.929
2885,5.0
2886,1.393
2887,1.773
2888,4.628
2889,1.75
2890,5.00001
2891,1.042
2892,0.696
2893,1.177
2894,1.761
2895,4.29
2896,1.125
2897,3.742
2898,1.707
2899,1.125
2900,0.982
2901,1.55
2902,1.659
2903,1.64
2904,1.188
2905,1.288
2906,1.102
2907,3.75
2908,0.876
2909,5.00001
2910,1.761
2911,1.392
2912,1.844
2913,5.00001
2914,1.993
2915,5.00001
2916,2.233
2917,1.413
2918,2.197
2919,5.00001
2920,2.28
2921,3.339
2922,2.926
2923,1.313
2924,2.262
2925,2.385
2926,1.331
2927,1.737
2928,2.081
2929,0.713
2930,3.7
2931,1.265
2932,3.24
2933,2.071
2934,0.953
2935,2.278
2936,1.272
2937,4.562
2938,3.285
2939,1.609
2940,1.736
2941,0.884
2942,2.392
2943,1.938
2944,1.529
2945,1.324
2946,5.00001
2947,1.842
2948,3.698
2949,0.717
2950,3.143
2951,1.201
2952,1.104
2953,0.475
2954,1.561
2955,1.625
2956,2.833
2957,1.142
2958,0.803
2959,1.875
2960,2.664
2961,2.188
2962,1.681
2963,1.946
2964,3.139
2965,0.698
2966,1.391
2967,1.656
2968,1.452
2969,1.415
2970,0.835
2971,0.575
2972,1.397
2973,1.125
2974,1.648
2975,3.555
2976,2.023
2977,1.438
2978,4.359
2979,2.75
2980,1.875
2981,1.637
2982,4.17
2983,2.883
2984,1.908
2985,1.115
2986,2.875
2987,1.961
2988,1.65
2989,0.67
2990,2.676
2991,1.397
2992,1.898
2993,1.631
2994,1.456
2995,0.55
2996,4.806
2997,1.911
2998,1.092
2999,1.582
3000,2.13
3001,1.2
3002,1.181
3003,1.938
3004,1.625
3005,1.742
3006,0.985
3007,0.983
3008,3.433
3009,2.514
3010,2.219
3011,3.901
3012,2.61
3013,1.904
3014,2.49
3015,2.782
3016,0.996
3017,0.611
3018,1.625
3019,2.68
3020,2.75
3021,1.956
3022,1.578
3023,2.317
3024,0.481
3025,0.799
3026,1.185
3027,1.679
3028,1.455
3029,1.181
3030,2.044
3031,0.992
3032,1.795
3033,1.391
3034,1.173
3035,0.653
3036,1.628
3037,2.545
3038,0.552
3039,1.18
3040,5.00001
3041,2.504
3042,2.143
3043,1.585
3044,0.847
3045,2.0
3046,1.517
3047,3.088
3048,4.357
3049,0.505
3050,2.333
3051,1.25
3052,4.986
3053,0.6
3054,1.44
3055,3.694
3056,3.068
3057,3.5
3058,5.00001
3059,1.011
3060,2.45
3061,3.401
3062,4.373
3063,1.75
3064,2.616
3065,2.925
3066,1.627
3067,2.813
3068,1.031
3069,3.032
3070,1.825
3071,3.5
3072,0.793
3073,2.947
3074,1.625
3075,2.673
3076,5.00001
3077,0.713
3078,1.975
3079,1.591
3080,1.742
3081,1.851
3082,0.613
3083,1.625
3084,3.058
3085,2.758
3086,2.238
3087,1.875
3088,1.6
3089,1.399
3090,1.71
3091,2.309
3092,2.183
3093,2.25
3094,1.194
3095,1.268
3096,1.625
3097,1.543
3098,1.097
3099,1.055
3100,4.375
3101,2.638
3102,3.454
3103,2.19
3104,2.219
3105,1.139
3106,3.844
3107,0.754
3108,1.669
3109,4.815
3110,1.083
3111,0.769
3112,1.813
3113,0.879
3114,1.854
3115,1.391
3116,1.491
3117,1.75
3118,1.656
3119,0.57
3120,0.815
3121,1.403
3122,0.95
3123,0.847
3124,3.0
3125,2.221
3126,1.942
3127,2.291
3128,2.625
3129,1.134
3130,2.823
3131,2.881
3132,0.458
3133,2.058
3134,1.862
3135,4.778
3136,0.89
3137,0.742
3138,1.458
3139,5.00001
3140,2.225
3141,4.421
3142,0.75
3143,0.869
3144,2.78
3145,3.749
3146,1.931
3147,2.476
3148,2.016
3149,1.378
3150,2.192
3151,1.158
3152,1.808
3153,1.848
3154,3.447
3155,1.563
3156,1.875
3157,0.775
3158,1.987
3159,1.896
3160,1.713
3161,2.25
3162,1.463
3163,2.421
3164,0.73
3165,0.4
3166,2.147
3167,0.94
3168,2.132
3169,2.939
3170,3.809
3171,3.565
3172,3.458
3173,5.00001
3174,1.107
3175,0.504
3176,2.803
3177,2.062
3178,1.917
3179,0.832
3180,1.342
3181,0.971
3182,2.556
3183,0.756
3184,3.796
3185,2.293
3186,1.297
3187,0.972
3188,4.168
3189,4.25
3190,0.948
3191,1.218
3192,1.063
3193,1.879
3194,2.181
3195,1.08
3196,0.7
3197,1.538
3198,0.607
3199,5.00001
3200,1.613
3201,1.0
3202,1.22
3203,5.00001
3204,1.298
3205,0.851
3206,1.414
3207,1.025
3208,1.507
3209,1.955
3210,2.316
3211,0.929
3212,1.96
3213,2.296
3214,4.5
3215,2.896
3216,1.188
3217,1.49
3218,1.857
3219,3.15
3220,3.447
3221,3.617
3222,3.133
3223,2.672
3224,1.57
3225,1.875
3226,2.067
3227,0.75
3228,1.034
3229,4.92
3230,2.663
3231,0.552
3232,2.411
3233,3.183
3234,2.815
3235,3.155
3236,2.231
3237,3.307
3238,0.611
3239,3.48
3240,0.942
3241,2.403
3242,1.07
3243,1.88
3244,1.225
3245,2.48
3246,1.637
3247,3.265
3248,2.825
3249,1.99
3250,3.499
3251,1.431
3252,2.325
3253,1.375
3254,2.598
3255,3.72
3256,2.192
3257,2.0
3258,2.861
3259,1.435
3260,1.588
3261,5.00001
3262,3.0
3263,2.072
3264,0.913
3265,3.692
3266,1.99
3267,5.00001
3268,1.606
3269,1.188
3270,1.031
3271,1.239
3272,5.00001
3273,1.399
3274,1.71
3275,1.029
3276,2.083
3277,5.00001
3278,3.963
3279,3.328
3280,1.449
3281,4.638
3282,1.438
3283,1.66
3284,1.024
3285,1.875
3286,2.038
3287,1.0
3288,1.072
3289,1.327
3290,1.145
3291,0.604
3292,2.821
3293,1.654
3294,0.438
3295,2.214
3296,2.464
3297,1.1
3298,4.461
3299,1.819
3300,1.855
3301,1.975
3302,5.00001
3303,3.587
3304,3.585
3305,1.592
3306,2.478
3307,2.956
3308,2.239
3309,0.993
3310,1.01
3311,3.021
3312,2.414
3313,2.153
3314,2.609
3315,2.371
3316,1.938
3317,1.8
3318,1.643
3319,1.965
3320,1.01
3321,2.481
3322,4.326
3323,2.906
3324,1.741
3325,2.942
3326,1.137
3327,0.819
3328,2.167
3329,4.0
3330,1.141
3331,1.375
3332,2.063
3333,1.857
3334,5.00001
3335,3.512
3336,0.817
3337,2.5
3338,0.936
3339,1.542
3340,2.841
3341,5.00001
3342,4.293
3343,1.358
3344,0.697
3345,1.042
3346,3.781
3347,0.991
3348,1.125
3349,4.359
3350,1.18
3351,0.586
3352,2.058
3353,1.962
3354,2.348
3355,2.349
3356,1.038
3357,2.93
3358,1.313
3359,5.00001
3360,1.27
3361,0.758
3362,1.109
3363,2.4
3364,1.688
3365,1.512
3366,1.917
3367,3.655
3368,1.125
3369,2.328
3370,2.286
3371,0.875
3372,1.907
3373,1.125
3374,2.073
3375,2.065
3376,1.802
3377,1.3
3378,2.51
3379,2.4
3380,1.734
3381,0.846
3382,0.675
3383,1.0
3384,2.961
3385,1.726
3386,4.255
3387,1.97
3388,2.464
3389,0.62
3390,2.264
3391,0.829
3392,2.391
3393,1.301
3394,2.003
3395,1.125
3396,1.633
3397,2.831
3398,2.405
3399,2.105
3400,1.866
3401,1.742
3402,2.267
3403,2.25
3404,0.723
3405,1.85
3406,1.869
3407,0.784
3408,0.968
3409,2.317
3410,2.135
3411,1.306
3412,2.521
3413,1.411
3414,3.929
3415,1.648
3416,2.318
3417,0.488
3418,3.16
3419,1.0
3420,1.653
3421,2.469
3422,0.683
3423,2.365
3424,0.595
3425,2.674
3426,2.189
3427,5.00001
3428,0.963
3429,1.896
3430,2.481
3431,1.837
3432,0.701
3433,2.27
3434,1.254
3435,1.925
3436,1.75
3437,0.952
3438,0.855
3439,1.804
3440,2.318
3441,3.039
3442,1.685
3443,0.815
3444,1.554
3445,1.815
3446,3.609
3447,1.987
3448,1.094
3449,1.584
3450,3.389
3451,0.85
3452,2.601
3453,5.00001
3454,1.297
3455,1.968
3456,1.63
3457,2.636
3458,5.00001
3459,1.094
3460,0.834
3461,0.964
3462,1.629
3463,0.985
3464,0.615
3465,1.867
3466,1.393
3467,0.542
3468,2.8
3469,0.695
3470,3.95
3471,3.5
3472,1.686
3473,1.652
3474,1.575
3475,2.304
3476,1.4
3477,5.00001
3478,1.3
3479,5.00001
3480,2.034
3481,1.55
3482,0.844
3483,1.217
3484,0.96
3485,1.993
3486,0.813
3487,1.448
3488,1.924
3489,1.922
3490,4.452
3491,1.805
3492,1.426
3493,1.306
3494,3.083
3495,0.918
3496,1.054
3497,0.534
3498,3.243
3499,1.235
3500,3.158
3501,2.729
3502,0.586
3503,0.917
3504,1.181
3505,0.79
3506,3.105
3507,1.073
3508,2.817
3509,1.902
3510,1.088
3511,3.535
3512,0.431
3513,2.234
3514,4.75
3515,2.216
3516,1.53
3517,3.5
3518,2.484
3519,3.341
3520,3.391
3521,1.19
3522,1.722
3523,0.56
3524,4.347
3525,2.239
3526,1.694
3527,0.533
3528,2.295
3529,1.586
3530,2.741
3531,1.425
3532,0.956
3533,1.705
3534,3.738
3535,1.247
3536,5.00001
3537,1.366
3538,1.6
3539,0.896
3540,0.963
3541,1.595
3542,2.028
3543,1.446
3544,4.345
3545,5.00001
3546,1.194
3547,2.282
3548,1.227
3549,1.375
3550,2.197
3551,1.292
3552,3.231
3553,5.00001
3554,1.859
3555,2.375
3556,2.029
3557,2.168
3558,4.063
3559,0.964
3560,2.651
3561,0.55
3562,1.607
3563,0.935
3564,1.506
3565,2.443
3566,3.415
3567,1.983
3568,2.489
3569,0.55
3570,0.993
3571,0.689
3572,0.814
3573,2.1
3574,0.747
3575,1.16
3576,1.315
3577,2.73
3578,2.054
3579,1.651
3580,1.612
3581,2.227
3582,0.888
3583,1.132
3584,2.125
3585,3.313
3586,0.559
3587,1.054
3588,3.762
3589,2.12
3590,1.338
3591,1.341
3592,1.443
3593,2.535
3594,5.00001
3595,4.345
3596,3.558
3597,2.039
3598,1.141
3599,1.597
3600,1.913
3601,3.181
3602,1.656
3603,2.566
3604,1.064
3605,2.364
3606,0.707
3607,2.241
3608,2.006
3609,0.959
3610,0.667
3611,4.383
3612,0.932
3613,4.504
3614,1.861
3615,0.544
3616,5.00001
3617,1.206
3618,1.435
3619,3.462
3620,0.592
3621,1.883
3622,5.00001
3623,1.889
3624,3.314
3625,1.98
3626,1.875
3627,1.694
3628,0.967
3629,3.596
3630,0.521
3631,4.553
3632,5.00001
3633,1.039
3634,1.88
3635,2.434
3636,1.671
3637,2.231
3638,2.524
3639,2.345
3640,2.069
3641,3.745
3642,0.853
3643,0.838
3644,5.00001
3645,1.113
3646,5.00001
3647,4.889
3648,2.195
3649,2.063
3650,1.281
3651,1.313
3652,1.84
3653,0.891
3654,2.647
3655,2.654
3656,1.625
3657,2.667
3658,0.663
3659,0.435
3660,1.62
3661,2.313
3662,3.531
3663,1.759
3664,1.595
3665,3.7
3666,1.643
3667,0.704
3668,1.137
3669,0.819
3670,2.633
3671,1.853
3672,1.726
3673,1.981
3674,1.405
3675,0.708
3676,2.208
3677,0.736
3678,0.801
3679,1.06
3680,1.287
3681,2.394
3682,0.84
3683,1.339
3684,1.686
3685,1.83
3686,3.156
3687,3.638
3688,1.514
3689,5.00001
3690,1.183
3691,0.575
3692,1.783
3693,0.9
3694,1.749
3695,5.00001
3696,2.139
3697,3.618
3698,2.688
3699,3.905
3700,1.519
3701,1.526
3702,5.00001
3703,0.579
3704,3.024
3705,2.375
3706,4.604
3707,0.888
3708,2.13
3709,3.331
3710,0.704
3711,2.113
3712,2.669
3713,1.276
3714,1.569
3715,0.973
3716,1.143
3717,4.73
3718,1.75
3719,5.00001
3720,3.467
3721,1.696
3722,2.531
3723,3.964
3724,1.639
3725,3.015
3726,1.78
3727,1.016
3728,3.397
3729,3.722
3730,1.531
3731,1.308
3732,2.414
3733,1.207
3734,3.407
3735,3.611
3736,0.332
3737,0.649
3738,1.875
3739,1.921
3740,1.625
3741,0.548
3742,0.994
3743,2.132
3744,1.445
3745,0.972
3746,1.148
3747,2.175
3748,0.658
3749,4.0
3750,1.525
3751,5.00001
3752,4.5
3753,1.686
3754,0.705
3755,1.875
3756,2.557
3757,1.618
3758,5.00001
3759,0.771
3760,1.025
3761,0.758
3762,2.055
3763,1.364
3764,1.781
3765,2.118
3766,2.457
3767,4.167
3768,1.489
3769,1.664
3770,0.831
3771,1.349
3772,1.884
3773,0.904
3774,2.097
3775,1.625
3776,2.264
3777,0.695
3778,4.7
3779,5.00001
3780,0.846
3781,5.00001
3782,5.00001
3783,3.494
3784,0.6
3785,1.757
3786,5.00001
3787,2.487
3788,3.294
3789,1.591
3790,3.034
3791,0.788
3792,0.815
3793,1.651
3794,2.691
3795,1.713
3796,0.67
3797,5.00001
3798,0.692
3799,4.0
3800,3.123
3801,0.954
3802,3.459
3803,0.788
3804,1.364
3805,0.912
3806,4.429
3807,2.033
3808,1.405
3809,1.403
3810,1.015
3811,2.335
3812,1.625
3813,1.006
3814,0.994
3815,0.729
3816,2.291
3817,1.352
3818,1.375
3819,3.769
3820,0.73
3821,2.395
3822,1.602
3823,2.059
3824,1.38
3825,2.436
3826,2.261
3827,2.188
3828,0.546
3829,2.5
3830,0.947
3831,0.993
3832,3.875
3833,1.307
3834,3.527
3835,1.375
3836,1.994
3837,1.011
3838,1.859
3839,0.738
3840,1.443
3841,2.25
3842,2.713
3843,2.728
3844,4.401
3845,2.25
3846,0.758
3847,2.511
3848,1.45
3849,1.792
3850,0.973
3851,2.286
3852,0.615
3853,2.75
3854,0.98
3855,3.952
3856,1.074
3857,1.125
3858,2.785
3859,2.249
3860,0.799
3861,2.267
3862,2.09
3863,1.181
3864,1.42
3865,2.706
3866,1.4
3867,1.728
3868,1.443
3869,3.267
3870,1.734
3871,0.744
3872,1.379
3873,1.875
3874,1.021
3875,0.916
3876,1.117
3877,1.14
3878,3.949
3879,1.255
3880,1.018
3881,1.476
3882,1.969
3883,0.904
3884,0.875
3885,0.742
3886,1.566
3887,2.093
3888,0.721
3889,4.515
3890,0.625
3891,0.748
3892,4.771
3893,1.35
3894,3.018
3895,3.552
3896,1.663
3897,5.00001
3898,0.948
3899,0.689
3900,1.036
3901,2.342
3902,1.655
3903,2.708
3904,2.75
3905,1.457
3906,3.659
3907,1.506
3908,1.813
3909,1.745
3910,1.639
3911,3.425
3912,2.037
3913,1.984
3914,1.075
3915,1.403
3916,1.535
3917,0.872
3918,2.974
3919,0.861
3920,1.573
3921,1.177
3922,1.655
3923,1.658
3924,2.132
3925,0.715
3926,0.567
3927,2.674
3928,4.409
3929,2.595
3930,0.6
3931,1.561
3932,0.983
3933,5.00001
3934,5.00001
3935,0.953
3936,1.183
3937,1.705
3938,2.307
3939,2.211
3940,3.397
3941,3.247
3942,2.171
3943,2.006
3944,5.00001
3945,1.485
3946,1.343
3947,1.914
3948,1.767
3949,1.392
3950,5.00001
3951,1.135
3952,1.375
3953,1.35
3954,3.355
3955,4.338
3956,0.846
3957,2.283
3958,1.851
3959,2.197
3960,2.122
3961,2.708
3962,2.32
3963,3.211
3964,2.217
3965,4.586
3966,1.337
3967,1.015
3968,1.693
3969,5.00001
3970,1.135
3971,1.382
3972,2.838
3973,1.012
3974,2.072
3975,0.467
3976,2.239
3977,2.79
3978,3.138
3979,1.375
3980,0.993
3981,2.058
3982,3.068
3983,0.89
3984,2.302
3985,2.832
3986,3.369
3987,4.361
3988,2.667
3989,2.841
3990,3.136
3991,3.067
3992,3.335
3993,1.821
3994,3.043
3995,2.449
3996,5.00001
3997,1.301
3998,2.348
3999,0.736
4000,0.871
4001,1.428
4002,1.392
4003,1.076
4004,1.527
4005,0.96
4006,1.468
4007,0.933
4008,1.375
4009,0.828
4010,5.00001
4011,2.994
4012,3.216
4013,5.00001
4014,0.4
4015,1.082
4016,2.835
4017,3.223
4018,1.541
4019,2.905
4020,1.803
4021,2.641
4022,0.903
4023,2.869
4024,2.858
4025,2.73
4026,1.852
4027,1.442
4028,3.004
4029,1.557
4030,0.992
4031,0.3
4032,0.628
4033,0.758
4034,2.93
4035,0.952
4036,1.083
4037,1.607
4038,2.523
4039,0.924
4040,1.125
4041,2.353
4042,0.648
4043,0.903
4044,1.167
4045,2.0
4046,1.84
4047,2.422
4048,0.813
4049,1.603
4050,1.63
4051,3.875
4052,1.447
4053,2.583
4054,1.0
4055,5.00001
4056,1.677
4057,1.797
4058,1.996
4059,0.801
4060,4.464
4061,0.623
4062,0.682
4063,5.00001
4064,1.914
4065,2.387
4066,1.992
4067,3.393
4068,0.871
4069,1.937
4070,1.832
4071,1.375
4072,1.969
4073,2.711
4074,2.419
4075,0.815
4076,3.021
4077,2.369
4078,2.391
4079,1.806
4080,4.319
4081,1.085
4082,0.889
4083,1.617
4084,5.00001
4085,2.264
4086,2.535
4087,0.554
4088,2.25
4089,1.875
4090,2.374
4091,5.00001
4092,3.22
4093,1.813
4094,0.554
4095,0.966
4096,0.996
4097,0.69
4098,1.283
4099,3.5
4100,5.00001
4101,2.405
4102,1.569
4103,0.632
4104,0.999
4105,1.889
4106,0.913
4107,1.667
4108,1.76
4109,2.676
4110,1.7
4111,2.337
4112,4.5
4113,5.00001
4114,0.87
4115,1.125
4116,2.932
4117,1.906
4118,1.585
4119,1.561
4120,1.309
4121,0.872
4122,0.597
4123,1.466
4124,0.566
4125,1.76
4126,0.773
4127,2.354
